Designator,Footprint,Quantity,Value,LCSC Part #
"C301, C302, C303, C304, C305, C306, C307, C308, C401, C402, C403, C404, C405, C406, C407, C408, C501, C503, C506, C601, C602",C_0805_2012Metric,21,100nF,
"C502, C504, C505, C507",C_0805_2012Metric,4,1uF,
"D301, D302, D303, D304, D305, D306, D307, D308, D401, D402, D403, D404, D405, D406, D407, D408",LED_WS2812B_PLCC4_5.0x5.0mm_P3.2mm,16,WS2812B,
IC501,SOIC-8_3.9x4.9mm_P1.27mm,1,AT25SF041B-SSHD-B,
"R201, R202, R501, R502, R503, R504, R506, R507",R_0805_2012Metric,8,10k,
U501,AMS_LGA-20_4.7x4.5mm_P0.65mm,1,AS72651,
U502,AMS_LGA-20_4.7x4.5mm_P0.65mm,1,AS72652,
U503,AMS_LGA-20_4.7x4.5mm_P0.65mm,1,AS72653,
U601,WSOF6,1,BH1730,
