<?xml version="1.0" encoding="utf-8"?>
<!--/3258066/716093/2.49/5/4/Undefined or Miscellaneous/-->
<quadcept_library>
  <setting unit="mil" />
  <textstyle name="Default" height="47.244094488189" strokewidth="7.8740157480315" charwidth="47.244094488189" />
  <textstyle name="Dimension" height="19.6850393700787" strokewidth="0" charwidth="19.6850393700787" />
  <textstyle name="H127W0635TH00762" height="50" strokewidth="3" charwidth="25" />
  <textstyle name="H15W15TH02" height="59.0551181102362" strokewidth="7.8740157480315" charwidth="59.0551181102362" />
  <padstyle name="c165_h110" surface="False" plated="True" isvia="False" nopaste="True" nomask="True" complex="False" holesize="43.307086614173">
    <padshape layer="TOP" shape="round" width="64.960629921259" height="64.960629921259" />
    <padshape layer="TOP_SOLDER_MASK" shape="round" width="72.83464566929" height="72.83464566929" />
    <padshape layer="INNER" shape="round" width="64.960629921259" height="64.960629921259" />
    <padshape layer="BOTTOM" shape="round" width="64.960629921259" height="64.960629921259" />
    <padshape layer="BOTTOM_SOLDER_MASK" shape="round" width="72.83464566929" height="72.83464566929" />
  </padstyle>
  <footprint name="1222312GR" originx="0" originy="0" pickpointx="0" pickpointy="0">
    <pcbpin number="1" name="1" style="c165_h110" originx="0" originy="0" rotation="90" />
    <pcbpin number="2" name="2" style="c165_h110" originx="398.81889763779" originy="197.24409448819" rotation="90" />
    <pcbpin number="3" name="3" style="c165_h110" originx="125.5905511811" originy="219.68503937008" rotation="90" />
    <pcbpin number="4" name="4" style="c165_h110" originx="-147.63779527559" originy="219.68503937008" rotation="90" />
    <pcbpin number="5" name="5" style="c165_h110" originx="29.133858267716" originy="439.37007874015" rotation="90" />
    <line layer="TOP_PLACE_BOUND" originx="-236.61417322834" originy="581.88976377952" endx="487.79527559055" endy="581.88976377952" width="3.9370078740157" />
    <line layer="TOP_PLACE_BOUND" originx="487.79527559055" originy="581.88976377952" endx="487.79527559055" endy="-142.51968503937" width="3.9370078740157" />
    <line layer="TOP_PLACE_BOUND" originx="487.79527559055" originy="-142.51968503937" endx="-236.61417322834" endy="-142.51968503937" width="3.9370078740157" />
    <line layer="TOP_PLACE_BOUND" originx="-236.61417322834" originy="-142.51968503937" endx="-236.61417322834" endy="581.88976377952" width="3.9370078740157" />
    <line layer="TOP_ASSEMBLY" originx="-197.24409448819" originy="219.68503937008" endx="-197.24409448819" endy="219.68503937008" width="7.8740157480314" />
    <arc layer="TOP_ASSEMBLY" originx="125.5905511811" originy="219.68503937008" startangle="-180.0" sweepangle="180.0" radius="322.83464566929" width="7.8740157480314" />
    <line layer="TOP_ASSEMBLY" originx="448.42519685039" originy="219.68503937008" endx="448.42519685039" endy="219.68503937008" width="7.8740157480314" />
    <arc layer="TOP_ASSEMBLY" originx="125.5905511811" originy="219.68503937008" startangle=".0" sweepangle="180.0" radius="322.83464566929" width="7.8740157480314" />
    <line layer="TOP_SILKSCREEN" originx="-197.24409448819" originy="219.68503937008" endx="-197.24409448819" endy="219.68503937008" width="3.9370078740157" />
    <arc layer="TOP_SILKSCREEN" originx="125.5905511811" originy="219.68503937008" startangle="-180.0" sweepangle="180.0" radius="322.83464566929" width="3.9370078740157" />
    <line layer="TOP_SILKSCREEN" originx="448.42519685039" originy="219.68503937008" endx="448.42519685039" endy="219.68503937008" width="3.9370078740157" />
    <arc layer="TOP_SILKSCREEN" originx="125.5905511811" originy="219.68503937008" startangle=".0" sweepangle="180.0" radius="322.83464566929" width="3.9370078740157" />
  </footprint>
  <symbol name="122-2312-GR" originx="0" originy="0">
    <line originx="200" originy="100" endx="700" endy="100" width="0" />
    <line originx="700" originy="-300" endx="700" endy="100" width="0" />
    <line originx="700" originy="-300" endx="200" endy="-300" width="0" />
    <line originx="200" originy="100" endx="200" endy="-300" width="0" />
    <sympin number="1" originx="200" originy="0" rotation="180" length="100" width="7.8740157480315" flipped="False">
      <text name="pinname" originx="230" originy="0" style="Default" rotation="0" justify="left" flipped="False" hidden="False" data="+_1" />
      <text name="pindes" originx="140" originy="20" style="Default" rotation="0" justify="lowerright" flipped="False" hidden="False" data="1" />
    </sympin>
    <sympin number="2" originx="200" originy="-100" rotation="180" length="100" width="7.8740157480315" flipped="False">
      <text name="pinname" originx="230" originy="-100" style="Default" rotation="0" justify="left" flipped="False" hidden="False" data="+_2" />
      <text name="pindes" originx="140" originy="-80" style="Default" rotation="0" justify="lowerright" flipped="False" hidden="False" data="2" />
    </sympin>
    <sympin number="3" originx="200" originy="-200" rotation="180" length="100" width="7.8740157480315" flipped="False">
      <text name="pinname" originx="230" originy="-200" style="Default" rotation="0" justify="left" flipped="False" hidden="False" data="-" />
      <text name="pindes" originx="140" originy="-180" style="Default" rotation="0" justify="lowerright" flipped="False" hidden="False" data="3" />
    </sympin>
    <sympin number="4" originx="700" originy="0" rotation="0" length="100" width="7.8740157480315" flipped="False">
      <text name="pinname" originx="670" originy="0" style="Default" rotation="0" justify="right" flipped="False" hidden="False" data="4" />
      <text name="pindes" originx="760" originy="20" style="Default" rotation="0" justify="lowerleft" flipped="False" hidden="False" data="4" />
    </sympin>
    <sympin number="5" originx="700" originy="-100" rotation="0" length="100" width="7.8740157480315" flipped="False">
      <text name="pinname" originx="670" originy="-100" style="Default" rotation="0" justify="right" flipped="False" hidden="False" data="5" />
      <text name="pindes" originx="760" originy="-80" style="Default" rotation="0" justify="lowerleft" flipped="False" hidden="False" data="5" />
    </sympin>
  </symbol>
  <component name="122-2312-GR" designatorprefix="U" height="212.59842519685" footprint="1222312GR">
    <comppin designator="1" sympin="1" pinswap="0" gateswap="0" gate="1" group="1" side="" type="Any" name="+_1" />
    <comppin designator="2" sympin="2" pinswap="0" gateswap="0" gate="1" group="1" side="" type="Any" name="+_2" />
    <comppin designator="3" sympin="3" pinswap="0" gateswap="0" gate="1" group="1" side="" type="Any" name="-" />
    <comppin designator="4" sympin="4" pinswap="0" gateswap="0" gate="1" group="1" side="" type="Any" name="4" />
    <comppin designator="5" sympin="5" pinswap="0" gateswap="0" gate="1" group="1" side="" type="Any" name="5" />
    <attached_symbol gate="1" name="122-2312-GR" />
    <pinmap designator="1" footprintpin="1" />
    <pinmap designator="2" footprintpin="2" />
    <pinmap designator="3" footprintpin="3" />
    <pinmap designator="4" footprintpin="4" />
    <pinmap designator="5" footprintpin="5" />
    <text name="Datasheet" originx="0" originy="0" style="Default" rotation="0" justify="" flipped="False" hidden="True" data="" />
    <text name="Description" originx="0" originy="0" style="Default" rotation="0" justify="" flipped="False" hidden="True" data="Single Cell Holder" />
    <text name="Mouser Part Number" originx="0" originy="0" style="Default" rotation="0" justify="" flipped="False" hidden="True" data="122-2312-GR" />
    <text name="Mouser Price/Stock" originx="0" originy="0" style="Default" rotation="0" justify="" flipped="False" hidden="True" data="https://www.mouser.co.uk/ProductDetail/Eagle-Plastic-Devices/122-2312-GR?qs=OJcA7q8ZHwv5mHhRwvfAvw%3D%3D" />
    <text name="Manufacturer_Name" originx="0" originy="0" style="Default" rotation="0" justify="" flipped="False" hidden="True" data="Eagle Plastic Devices" />
    <text name="Manufacturer_Part_Number" originx="750" originy="200" style="Default" rotation="0" justify="left" flipped="False" hidden="False" data="122-2312-GR" />
  </component>
</quadcept_library>
